question,option2,option2,option3,correctIndex
Hva er riktig bestemt form av en katt,katter,katten,kattene,2
Hva er riktig bestemt form av en katt,katter,katten,kattene,2
Hva er riktig bestemt form av en katt,katter,katten,kattene,2
Hva er riktig bestemt form av en katt,katter,katten,kattene,2
Hva er riktig bestemt form av en katt,katter,katten,kattene,2
Hva er riktig bestemt form av en katt,katter,katten,kattene,2
Hva er riktig bestemt form av en katt,katter,katten,kattene,2
Hva er riktig bestemt form av en katt,katter,katten,kattene,2
Hva er riktig bestemt form av en katt,katter,katten,kattene,2
Hva er riktig bestemt form av en katt,katter,katten,kattene,2
Hva er riktig bestemt form av en katt,katter,katten,kattene,2
Hva er riktig bestemt form av en katt,katter,katten,kattene,2
Hva er riktig bestemt form av en katt,katter,katten,kattene,2
Hva er riktig bestemt form av en katt,katter,katten,kattene,2
Hva er riktig bestemt form av en katt,katter,katten,kattene,2
Hva er riktig bestemt form av en katt,katter,katten,kattene,2
Hva er riktig bestemt form av en katt,katter,katten,kattene,2
Hva er riktig bestemt form av en katt,katter,katten,kattene,2
Hva er riktig bestemt form av en katt,katter,katten,kattene,2
Hva er riktig bestemt form av en katt,katter,katten,kattene,2
Hva er riktig bestemt form av en katt,katter,katten,kattene,2
Hva er riktig bestemt form av en katt,katter,katten,kattene,2
Hva er riktig bestemt form av en katt,katter,katten,kattene,2
Hva er riktig bestemt form av en katt,katter,katten,kattene,2
Hva er riktig bestemt form av en katt,katter,katten,kattene,2
Hva er riktig bestemt form av en katt,katter,katten,kattene,2
Hva er riktig bestemt form av en katt,katter,katten,kattene,2
Hva er riktig bestemt form av en katt,katter,katten,kattene,2
Hva er riktig bestemt form av en katt,katter,katten,kattene,2
Hva er riktig bestemt form av en katt,katter,katten,kattene,2
